date,AVGO,GOOGL,MSFT,NVDA,TSM
2020-01-02,322.39001,1368.68005,160.62,239.91,60.04
2020-01-03,314.19,1361.52002,158.62,236.07001,58.06
2020-01-06,313.72,1397.81006,159.03,237.06,57.39
2020-01-07,312.64001,1395.10999,157.58,239.92999,58.32
2020-01-08,308.73999,1405.04004,160.09,240.38,58.75
2020-01-09,306.26001,1419.79004,162.09,243.02,59.23
2020-01-10,299.22,1428.95996,161.34,244.32001,58.86
2020-01-13,301.17999,1440.03003,163.28,251.98,60.06
2020-01-14,308.17999,1430.58997,162.13,247.28,60.32
2020-01-15,303.14001,1439.19995,163.17999,245.57001,58.39
2020-01-16,307.04999,1450.16003,166.17,248.92999,58.75
2020-01-17,308.79001,1479.52002,167.10001,249.28,58.58
2020-01-21,308.07001,1482.25,166.5,247.94,58.24
2020-01-22,312.88,1484.17004,165.7,250.05,58.35
2020-01-23,319.64999,1484.68994,166.72,252.86,57.48
2020-01-24,324.0,1466.17004,165.03999,250.48,57.73
2020-01-27,309.03,1431.72998,162.28,240.2,55.26
2020-01-28,318.31,1450.5,165.46001,247.97,57.09
2020-01-29,317.51001,1456.69995,168.03999,245.53999,57.19
2020-01-30,315.20001,1454.25,172.78,245.81,55.8
2020-01-31,305.16,1432.78003,170.23,236.42999,53.94
2020-02-03,305.23001,1482.59998,174.38,240.33,54.77
2020-02-04,311.60001,1445.41003,180.12,247.13,57.52
2020-02-05,317.38,1446.05005,179.89999,250.75999,57.92
2020-02-06,319.69,1475.96997,183.63,254.245,58.02
2020-02-07,315.23001,1479.10999,183.89,251.59,56.2
2020-02-10,314.20001,1508.66003,188.7,262.97,57.02
2020-02-11,320.16,1510.06006,184.44,267.89001,58.66
2020-02-12,324.70001,1518.63,184.71001,272.54001,59.63
2020-02-13,323.97,1513.39001,183.71001,270.78,59.33
2020-02-14,317.76999,1518.72998,185.35001,289.79001,58.19
2020-02-18,310.75,1519.43994,187.23,296.57001,56.18
2020-02-19,315.69,1524.87,187.28,314.70001,57.64
2020-02-20,309.23999,1516.98999,184.42,308.70001,56.48
2020-02-21,304.5,1483.45996,178.59,294.07001,55.59
2020-02-24,291.60001,1419.85999,170.89,273.28,54.12
2020-02-25,282.67999,1386.31995,168.07001,262.04999,53.86
2020-02-26,285.88,1390.46997,170.17,267.64999,55.03
2020-02-27,273.95001,1314.94995,158.17999,252.60001,53.29
2020-02-28,272.62,1339.25,162.00999,270.07001,53.84
2020-03-02,284.97,1386.31995,172.78999,276.42999,55.98
2020-03-03,274.25,1337.71997,164.50999,265.89001,54.88
2020-03-04,285.45001,1381.59998,170.55,284.51001,57.08
2020-03-05,274.04001,1314.76001,166.27,273.29001,55.73
2020-03-06,269.45001,1295.73999,161.57001,266.04001,55.07
2020-03-09,247.72,1215.79004,150.62,245.44,51.83
2020-03-10,262.89999,1275.17004,160.92,261.07999,54.51
2020-03-11,245.97,1210.90002,153.63,246.47,52.24
2020-03-12,218.78,1111.55005,139.06,216.31,48.69
2020-03-13,234.22,1214.27002,158.83,240.84,52.23
2020-03-16,187.58,1073.0,135.42,196.39999,44.9
2020-03-17,199.50999,1118.06006,146.57001,217.27,48.54
2020-03-18,167.87,1091.18994,140.39999,202.82001,44.37
2020-03-19,194.45,1111.67004,142.71001,212.97,43.89
2020-03-20,192.22,1068.20996,137.35001,205.75,44.53
2020-03-23,193.47,1054.13,135.98,212.69,45.26
2020-03-24,212.75999,1130.01001,148.34,249.17999,48.87
2020-03-25,217.55,1101.62,146.92,245.62,49.0
2020-03-26,243.17,1162.92004,156.11,257.23999,49.87
2020-03-27,230.69,1110.26001,149.7,252.73,46.91
2020-03-30,240.11,1146.31006,160.23,265.59,47.82
2020-03-31,237.10001,1161.94995,157.71001,263.60001,47.79
2020-04-01,223.63,1102.09998,152.11,243.07001,46.51
2020-04-02,237.06,1117.03003,155.25999,255.47,48.13
2020-04-03,234.25999,1092.69995,153.83,243.91,47.06
2020-04-06,252.44,1183.18994,165.27,268.39999,49.97
2020-04-07,253.27,1182.56006,163.49001,259.03,49.72
2020-04-08,261.10001,1207.0,165.13,266.95001,50.27
2020-04-09,254.3,1206.56995,165.14,262.95001,48.33
2020-04-13,259.92001,1210.41003,165.50999,269.85001,48.75
2020-04-14,267.63,1265.22998,173.7,283.95001,50.63
2020-04-15,257.44,1257.30005,171.88,280.84,49.66
2020-04-16,258.29001,1257.43005,177.03999,294.70001,52.4
2020-04-17,265.88,1279.0,178.60001,292.32001,53.69
2020-04-20,258.28,1261.15002,175.06,287.04999,52.59
2020-04-21,247.64999,1212.16003,167.82001,269.51001,51.37
2020-04-22,259.97,1258.41003,173.52,286.14999,52.95
2020-04-23,258.92999,1271.17004,171.42,284.01001,52.64
2020-04-24,264.81,1276.59998,174.55,289.59,52.73
2020-04-27,268.45001,1270.85999,174.05,297.07999,53.51
2020-04-28,264.73001,1232.58997,169.81,291.35999,52.76
2020-04-29,276.01999,1342.18005,177.42999,298.45999,54.48
2020-04-30,271.62,1346.69995,179.21001,292.28,53.13
2020-05-01,259.70001,1317.31995,174.57001,282.78,51.1
2020-05-04,262.26001,1322.90002,178.84,291.285,52.15
2020-05-05,264.87,1349.02002,180.75999,293.73999,51.71
2020-05-06,264.17999,1345.43005,182.53999,297.79001,52.13
2020-05-07,267.75,1369.28003,183.60001,304.87,52.33
2020-05-08,275.03,1384.33997,184.67999,312.5,52.91
2020-05-11,275.39999,1403.58997,186.74001,322.62,52.4
2020-05-12,268.45001,1375.18005,182.50999,312.10001,51.1
2020-05-13,263.14999,1348.32996,179.75,311.20001,50.92
2020-05-14,266.60001,1356.85999,180.53,321.22,52.1
2020-05-15,260.41,1373.06006,183.16,339.63,49.8
2020-05-18,273.53,1385.18005,184.91,350.01001,51.87
2020-05-19,271.95001,1374.40002,183.63,352.22,50.81
2020-05-20,278.67999,1409.16003,185.66,358.79999,51.84
2020-05-21,274.79999,1406.75,183.42999,351.01001,50.75
2020-05-22,276.64999,1413.23999,183.50999,361.04999,49.8
2020-05-26,282.01999,1421.37,181.57001,348.70999,50.82
2020-05-27,287.59,1420.28003,181.81,341.01001,51.74
2020-05-28,283.14001,1418.23999,181.39999,339.48001,50.28
2020-05-29,291.26999,1433.52002,183.25,355.01999,50.33
2020-06-01,289.98999,1434.87,182.83,352.25,51.03
2020-06-02,298.06,1442.31006,184.91,353.01001,52.01
2020-06-03,309.53,1439.25,185.36,350.78,53.06
2020-06-04,308.89001,1414.30005,182.92,350.66,54.28
2020-06-05,317.07999,1440.02002,187.2,356.79999,55.2
2020-06-08,317.51999,1448.04004,188.36,352.20001,55.57
2020-06-09,315.32001,1452.07996,189.8,361.84,56.61
2020-06-10,315.04001,1464.69995,196.84,374.67001,57.55
2020-06-11,293.75,1401.90002,186.27,351.85001,55.04
2020-06-12,300.25,1412.92004,187.74001,357.29999,56.0
2020-06-15,304.09,1420.73999,188.94,366.95001,56.02
2020-06-16,310.72,1446.46997,193.57001,362.73999,55.8
2020-06-17,313.44,1452.54004,194.24001,369.44,56.6
2020-06-18,318.70999,1434.12,196.32001,368.72,56.15
2020-06-19,302.76999,1424.64001,195.14999,370.45001,55.31
2020-06-22,313.54001,1450.66003,200.57001,381.07001,56.0
2020-06-23,311.29999,1463.97998,201.91,378.0,56.76
2020-06-24,306.97,1432.69995,197.84,369.42001,56.58
2020-06-25,308.85001,1441.09998,200.34,379.60001,57.04
2020-06-26,307.41,1362.54004,196.33,366.20001,56.33
2020-06-29,309.78,1397.17004,198.44,368.0,56.39
2020-06-30,315.60999,1418.05005,203.50999,379.91,56.77
2020-07-01,312.73001,1442.0,204.7,381.20001,56.82
2020-07-02,315.47,1469.93005,206.25999,384.48999,58.62
2020-07-06,318.79001,1499.65002,210.7,393.57001,61.88
2020-07-07,313.12,1489.92004,208.25,394.87,60.71
2020-07-08,319.57001,1503.59998,212.83,408.64001,62.59
2020-07-09,321.5,1518.66003,214.32001,420.35999,64.78
2020-07-10,319.44,1539.01001,213.67,419.17001,63.85
2020-07-13,311.31,1512.22998,207.07001,402.09,65.07
2020-07-14,315.07999,1520.85999,208.35001,415.07999,66.96
2020-07-15,313.78,1516.88,208.03999,409.09,66.06
2020-07-16,311.34,1514.92004,203.92,405.39001,66.59
2020-07-17,312.70999,1516.84998,202.88,408.06,66.4
2020-07-20,317.13,1563.83997,211.60001,420.42999,66.89
2020-07-21,314.34,1555.92004,208.75,413.14001,67.81
2020-07-22,313.79999,1564.84998,211.75,417.54999,68.53
2020-07-23,309.67001,1516.75,202.53999,405.19,67.37
2020-07-24,305.79001,1508.20996,201.3,407.78,73.9
2020-07-27,312.67999,1529.43005,203.85001,416.85999,83.25
2020-07-28,307.35001,1503.65002,202.02,408.62,76.92
2020-07-29,308.85001,1523.51001,204.06,418.62,82.67
2020-07-30,312.10001,1538.37,203.89999,424.56,79.93
2020-07-31,316.75,1487.94995,205.00999,424.59,78.89
2020-08-03,321.23001,1482.76001,216.53999,440.41,78.95
2020-08-04,328.39001,1473.30005,213.28999,449.10999,80.19
2020-08-05,329.54001,1479.08997,212.94,451.47,81.63
2020-08-06,329.16,1504.94995,216.35001,453.42001,80.52
2020-08-07,325.92999,1498.37,212.48,447.98001,80.03
2020-08-10,327.35999,1496.81995,208.25,446.60001,79.87
2020-08-11,324.03,1480.54004,203.38,434.0,77.94
2020-08-12,333.64001,1507.23999,209.19,457.60999,79.39
2020-08-13,329.42001,1516.65002,208.7,457.72,78.3
2020-08-14,327.82001,1504.63,208.89999,462.56,78.41
2020-08-17,330.32001,1516.23999,210.28,493.48001,80.19
2020-08-18,328.64001,1555.78003,211.49001,490.42999,79.41
2020-08-19,329.20999,1544.60999,209.7,485.54001,78.54
2020-08-20,328.82999,1576.25,214.58,485.64001,76.81
2020-08-21,330.01999,1575.56995,213.02,507.34,78.34
2020-08-24,334.0,1585.15002,213.69,508.81,78.9
2020-08-25,336.14001,1605.84998,216.47,510.0,80.04
2020-08-26,339.67001,1644.13,221.14999,510.92001,81.75
2020-08-27,339.14001,1628.52002,226.58,505.13,80.6
2020-08-28,344.82001,1639.43005,228.91,525.90997,80.44
2020-08-31,347.14999,1629.53003,225.53,534.97998,79.25
2020-09-01,359.54001,1655.07996,227.27,552.84003,81.55
2020-09-02,375.01001,1717.39001,231.64999,573.85999,82.17
2020-09-03,352.09,1629.51001,217.3,520.62,81.18
2020-09-04,362.95001,1581.20996,214.25,504.89999,78.91
2020-09-08,350.54001,1523.59998,202.66,476.51999,77.32
2020-09-09,360.03,1547.22998,211.28999,508.60001,79.4
2020-09-10,357.07999,1526.05005,205.37,492.47,78.9
2020-09-11,359.70001,1515.76001,204.03,486.57999,78.82
2020-09-14,362.20001,1508.82996,205.41,514.89001,80.5
2020-09-15,366.91,1535.12,208.78,519.64001,85.85
2020-09-16,367.04001,1512.08997,205.05,500.57999,83.13
2020-09-17,365.92001,1487.04004,202.91,498.54001,81.91
2020-09-18,359.73001,1451.08997,200.39,487.57001,80.23
2020-09-21,351.79001,1430.14001,202.53999,500.69,80.59
2020-09-22,361.59,1459.81995,207.42,505.51001,80.48
2020-09-23,351.59,1409.39001,200.59,484.95001,77.92
2020-09-24,352.51999,1422.85999,203.19,493.92001,78.38
2020-09-25,356.79999,1439.06006,207.82001,514.95001,78.88
2020-09-28,367.29999,1458.66003,209.44,521.40002,79.77
2020-09-29,364.26001,1466.02002,207.25999,529.03003,80.51
2020-09-30,364.32001,1465.59998,210.33,541.21997,81.07
2020-10-01,368.60001,1487.90002,212.46001,544.58002,82.62
2020-10-02,356.82999,1455.59998,206.19,522.48999,80.8
2020-10-05,366.10001,1482.82996,210.38,545.70001,84.54
2020-10-06,363.98001,1451.02002,205.91,549.46002,83.12
2020-10-07,366.73999,1459.14001,209.83,558.56,86.92
2020-10-08,373.32999,1483.43005,210.58,553.54999,87.8
2020-10-09,376.70001,1510.44995,215.81,550.51001,88.78
2020-10-12,382.42999,1564.58997,221.39999,569.03998,90.91
2020-10-13,381.48999,1567.06995,222.86,569.92999,89.64
2020-10-14,380.29999,1563.43994,220.86,563.81,88.6
2020-10-15,379.92999,1555.46997,219.66,558.79999,88.15
2020-10-16,378.64999,1567.69995,219.66,552.46002,86.7
2020-10-19,375.76999,1529.94995,214.22,539.90997,87.56
2020-10-20,376.98999,1551.07996,214.64999,545.82001,88.26
2020-10-21,372.04999,1585.98999,214.8,540.98999,87.64
2020-10-22,373.37,1606.66003,214.89,534.44,88.21
2020-10-23,372.72,1632.97998,216.23,543.60999,88.31
2020-10-26,363.04001,1584.29004,210.08,525.65002,86.73
2020-10-27,359.60001,1598.88,213.25,535.87,86.71
2020-10-28,347.20999,1510.80005,202.67999,505.07999,83.85
2020-10-29,355.01001,1556.88,204.72,520.96002,84.89
2020-10-30,349.63,1616.10999,202.47,501.35999,83.87
2020-11-02,351.25,1624.31995,202.33,503.23001,85.71
2020-11-03,353.76001,1645.66003,206.42999,520.78003,87.69
2020-11-04,364.63,1745.84998,216.39,551.77002,89.45
2020-11-05,380.87,1762.5,223.28999,566.40002,90.43
2020-11-06,380.62,1759.72998,223.72,582.47998,91.41
2020-11-09,375.54001,1761.42004,218.39,545.22998,89.03
2020-11-10,363.13,1737.71997,211.00999,510.79999,87.66
2020-11-11,375.92001,1747.22998,216.55,536.71997,90.88
2020-11-12,370.20001,1742.81995,215.44,538.27002,89.82
2020-11-13,373.5,1772.26001,216.50999,531.88,93.22
2020-11-16,380.81,1774.03003,217.23,540.60999,99.27
2020-11-17,380.60001,1761.66003,214.46001,536.89001,95.71
2020-11-18,380.62,1740.64001,211.08,537.15002,96.93
2020-11-19,384.32999,1758.56995,212.42,537.60999,96.61
2020-11-20,383.32999,1736.38,210.39,523.51001,95.33
2020-11-23,387.0,1727.56006,210.11,525.59998,98.13
2020-11-24,392.23001,1763.90002,213.86,518.31,96.64
2020-11-25,390.82999,1764.13,213.87,529.39001,97.49
2020-11-27,394.95001,1787.02002,215.23,530.45001,98.74
2020-11-30,401.57999,1754.40002,214.07001,536.06,97.02
2020-12-01,404.57001,1795.35999,216.21001,535.59998,100.86
2020-12-02,403.73001,1824.96997,215.37,541.78003,99.54
2020-12-03,399.79999,1821.83997,214.24001,535.84003,99.5
2020-12-04,411.67999,1823.76001,214.36,542.33002,103.73
2020-12-07,420.89001,1817.03003,214.28999,544.27002,106.39
2020-12-08,423.41,1811.32996,216.00999,534.0,105.64
2020-12-09,416.22,1777.85999,211.8,517.22998,104.42
2020-12-10,410.04001,1767.65002,210.52,518.89001,104.23
2020-12-11,405.82001,1774.80005,213.25999,520.53003,104.03
2020-12-14,411.79999,1752.26001,214.2,532.34998,103.56
2020-12-15,418.06,1761.07996,214.13,534.41998,105.09
2020-12-16,424.89999,1757.18994,219.28,529.70001,105.2
2020-12-17,426.10001,1740.51001,219.42,533.65002,103.9
2020-12-18,434.56,1726.21997,218.59,530.88,104.28
2020-12-21,428.88,1734.56006,222.59,533.28998,104.83
2020-12-22,433.10001,1720.21997,223.94,531.13,103.94
2020-12-23,425.45999,1728.22998,221.02,520.37,103.76
2020-12-24,431.45999,1734.16003,222.75,519.75,105.97
2020-12-28,431.88,1773.95996,224.96001,516.0,106.15
2020-12-29,429.04001,1757.76001,224.14999,517.72998,105.56
2020-12-30,434.82999,1736.25,221.67999,525.83002,108.9
2020-12-31,437.85001,1752.64001,222.42,522.20001,109.04
2021-01-04,425.22,1726.13,217.69,524.53998,111.7
2021-01-05,428.10001,1740.05005,217.89999,536.19,112.77
2021-01-06,425.45999,1722.88,212.25,504.57999,115.61
2021-01-07,443.39001,1774.33997,218.28999,533.76001,121.43
2021-01-08,445.64001,1797.82996,219.62,531.07001,118.69
2021-01-11,445.76001,1756.29004,217.49001,544.85999,122.6
2021-01-12,449.39001,1737.43005,214.92999,539.39001,123.0
2021-01-13,451.20999,1747.25,216.34,541.27002,119.23
2021-01-14,452.07001,1730.92004,213.02,528.01001,126.45
2021-01-15,445.85001,1727.62,212.64999,514.38,125.23
2021-01-19,459.26999,1784.46997,216.44,521.01001,131.3
2021-01-20,461.88,1880.06995,224.34,534.63,130.64
2021-01-21,466.82001,1884.15002,224.97,554.70001,134.16
2021-01-22,465.01999,1892.56006,225.95,548.5,129.14
2021-01-25,464.79001,1894.28003,229.53,546.13,130.52
2021-01-26,463.87,1907.94995,232.33,537.40997,126.65
2021-01-27,444.70001,1818.93994,232.89999,516.71002,121.74
2021-01-28,451.73999,1853.19995,238.92999,522.03998,125.83
2021-01-29,450.5,1827.35999,231.96001,519.59003,121.52
2021-02-01,466.73999,1893.06995,239.64999,529.47998,126.66
2021-02-02,476.88,1919.12,239.50999,542.27002,128.44
2021-02-03,465.19,2058.87988,243.0,541.21997,127.5
2021-02-04,470.63,2053.62988,242.00999,546.57001,128.14999
2021-02-05,466.01001,2088.83008,242.2,543.64001,127.78
2021-02-08,472.70001,2084.52002,242.47,577.54999,132.55
2021-02-09,474.63,2075.38989,243.77,570.53003,132.67999
2021-02-10,470.04999,2086.47998,242.82001,590.57001,133.69
2021-02-11,478.39001,2088.75,244.49001,610.03003,139.16
2021-02-12,486.32001,2095.03003,244.99001,598.45001,138.06
2021-02-16,489.13,2110.69995,243.7,613.21002,140.05
2021-02-17,482.48001,2118.62012,244.2,596.23999,136.27
2021-02-18,483.26001,2105.81006,243.78999,593.15997,134.63
2021-02-19,489.95999,2088.81006,240.97,597.06,136.66
2021-02-22,476.35999,2054.26001,234.50999,574.22998,133.57001
2021-02-23,471.89999,2060.12012,233.27,565.67999,129.10001
2021-02-24,480.88,2083.81006,234.55,579.96002,132.3
2021-02-25,457.16,2015.94995,228.99001,532.29999,126.0
2021-02-26,469.87,2021.91003,232.38,548.58002,125.94
2021-03-01,489.57999,2069.65991,236.94,553.66998,129.13
2021-03-02,480.51001,2064.47998,233.87,536.25,126.0
2021-03-03,463.06,2011.41003,227.56,512.19,122.89
2021-03-04,443.59,2033.93005,226.73,494.81,115.59
2021-03-05,450.14001,2097.07007,231.60001,498.45999,120.8
2021-03-08,421.25,2007.5,227.39,463.73001,113.93
2021-03-09,443.60001,2040.35999,233.78,500.81,116.38
2021-03-10,437.59,2036.18994,232.42,498.73001,113.83
2021-03-11,453.69,2100.54004,237.13,519.73999,120.58
2021-03-12,451.17001,2050.0,235.75,514.23999,118.3
2021-03-15,470.76999,2054.43994,234.81,527.65002,119.08
2021-03-16,478.17999,2083.88989,237.71001,531.65002,119.35
2021-03-17,483.59,2082.21997,237.03999,533.65002,118.76
2021-03-18,464.14999,2021.33997,230.72,508.89999,114.5
2021-03-19,474.45999,2026.95996,230.35001,513.83002,113.63
2021-03-22,475.28,2030.68994,235.99001,527.45001,117.18
2021-03-23,464.06,2041.32996,237.58,522.83002,114.89
2021-03-24,457.26999,2032.53003,235.46001,505.72,108.96
2021-03-25,461.70001,2032.45996,232.34,501.41,110.45
2021-03-26,482.04001,2024.72998,236.48,513.57001,116.56
2021-03-29,472.62,2045.79004,235.24001,517.92999,114.39
2021-03-30,456.16,2046.46997,231.85001,514.87,115.07
2021-03-31,463.66,2062.52002,235.77,533.92999,118.28
2021-04-01,475.95001,2129.78003,242.35001,552.46997,124.8
2021-04-05,488.48001,2218.95996,249.07001,559.5,124.5
2021-04-06,483.87,2209.26001,247.86,554.46002,122.44
2021-04-07,482.45999,2239.03003,249.89999,565.73999,119.89
2021-04-08,485.48001,2250.42993,253.25,572.67999,123.43
2021-04-09,485.09,2270.66992,255.85001,576.0,122.8
2021-04-12,483.67001,2244.62012,255.91,608.35999,120.9
2021-04-13,484.95999,2254.42993,258.48999,627.17999,121.27
2021-04-14,477.29999,2241.90991,255.59,611.08002,120.84
2021-04-15,480.0,2285.25,259.5,645.48999,118.35
2021-04-16,478.79001,2282.75,260.73999,636.5,118.84
2021-04-19,462.0,2289.76001,258.73999,614.46997,115.4
2021-04-20,457.26001,2279.01001,258.26001,606.84998,114.95
2021-04-21,459.79001,2278.3501,260.57999,614.41998,117.4
2021-04-22,455.10999,2252.52002,257.17001,594.01001,115.32
2021-04-23,466.13,2299.92993,261.14999,610.60999,118.64
2021-04-26,471.85001,2309.92993,261.54999,619.12,121.52
2021-04-27,466.35001,2290.97998,261.97,615.27002,121.27
2021-04-28,459.20001,2359.04004,254.56,611.07001,119.66
2021-04-29,466.29001,2392.76001,252.50999,612.98999,119.1
2021-04-30,456.20001,2353.5,252.17999,600.38,116.74
2021-05-03,450.14001,2343.08008,251.86,593.46997,115.94
2021-05-04,444.54001,2306.83008,247.78999,574.04999,115.36
2021-05-05,443.82999,2314.77002,246.47,578.34003,115.38
2021-05-06,448.57999,2337.3501,249.73,580.91998,117.0
2021-05-07,452.57999,2351.92993,252.46001,592.48999,116.83
2021-05-10,436.10001,2291.75,247.17999,570.63,112.31
2021-05-11,440.07001,2270.06006,246.23,572.25,112.85
2021-05-12,422.38,2200.25,239.0,550.34003,108.21
2021-05-13,430.60001,2229.04004,243.03,546.60999,108.75
2021-05-14,441.62,2278.37988,248.14999,569.71997,112.46
2021-05-17,439.94,2288.91992,245.17999,566.62,109.8
2021-05-18,433.73999,2262.46997,243.08,560.63,110.84
2021-05-19,441.72,2271.5,243.12,562.63,112.4
2021-05-20,455.0,2306.94995,246.48,584.5,113.28
2021-05-21,451.23999,2294.12988,245.17,599.66998,111.85
2021-05-24,459.19,2361.04004,250.78,624.47998,113.63
2021-05-25,459.54001,2362.87012,251.72,625.90997,114.28
2021-05-26,460.48999,2380.31006,251.49001,628.0,116.0
2021-05-27,467.67999,2362.67993,249.31,619.52002,115.77
2021-05-28,472.32999,2356.8501,249.67999,649.78003,117.36
2021-06-01,468.31,2381.17993,247.39999,650.58002,118.51
2021-06-02,473.73001,2370.59009,247.3,671.13,118.95
2021-06-03,464.79999,2347.58008,245.71001,678.78998,116.82
2021-06-04,475.0,2393.57007,250.78999,703.13,119.51
2021-06-07,463.78,2402.30005,253.81,704.76001,118.22
2021-06-08,463.53,2398.43994,252.57001,698.28003,115.92
2021-06-09,463.92999,2407.93994,253.59,694.33002,117.13
2021-06-10,468.67001,2435.12988,257.23999,697.0,118.24
2021-06-11,470.70001,2430.19995,257.89001,713.01001,118.25
2021-06-14,475.82999,2448.90991,259.89001,720.75,120.99
2021-06-15,470.73999,2428.38989,258.35999,711.53998,119.45
2021-06-16,465.75,2415.44995,257.38,712.40997,118.02
2021-06-17,471.17001,2434.87012,260.89999,746.28998,119.12
2021-06-18,463.5,2402.21997,259.42999,745.54999,115.79
2021-06-21,464.60999,2436.25,262.63,737.09003,114.14
2021-06-22,464.45001,2446.61011,265.51001,755.46997,114.33
2021-06-23,466.66,2442.54004,265.27499,762.28998,116.05
2021-06-24,470.06,2450.0,266.69,768.21997,117.24
2021-06-25,462.20001,2450.16992,265.01999,761.23999,116.53
2021-06-28,472.79999,2450.71997,268.72,799.40002,119.61
2021-06-29,477.14999,2445.44995,271.39999,801.07001,120.23
2021-06-30,476.84,2441.79004,270.89999,800.09998,120.16
2021-07-01,469.64001,2448.88989,271.60001,808.47998,118.42
2021-07-02,468.17001,2505.1499,277.64999,819.47998,118.91
2021-07-06,473.28,2523.80005,277.66,827.94,120.05
2021-07-07,469.54001,2529.47998,279.92999,814.87,118.25
2021-07-08,470.5,2500.87988,277.42001,796.10999,117.87
2021-07-09,480.17999,2510.37012,277.94,802.01001,120.56
2021-07-12,485.75,2539.51001,277.32001,820.5,122.63
2021-07-13,484.01001,2546.83008,280.98001,810.0,123.9
2021-07-14,481.59,2564.73999,282.51001,793.65997,124.39
2021-07-15,477.34,2540.1001,281.03,758.65002,117.53
2021-07-16,468.07001,2539.3999,280.75,726.44,115.74
2021-07-19,465.67001,2491.56006,277.01001,751.19,115.35
2021-07-20,468.59,2524.18994,279.32001,186.12,116.4
2021-07-21,479.01999,2550.97998,281.39999,194.10001,117.87
2021-07-22,476.32999,2568.42993,286.14001,195.94,116.56
2021-07-23,483.14999,2660.30005,289.67001,195.58,116.79
2021-07-26,482.23999,2680.69995,289.04999,192.94,115.65
2021-07-27,475.35999,2638.0,286.54001,192.08,113.54
2021-07-28,477.64999,2721.87988,286.22,195.03,115.07
2021-07-29,484.10999,2715.55005,286.5,196.62,116.15
2021-07-30,485.39999,2694.53003,284.91,194.99001,116.64
2021-08-02,484.67999,2697.09009,284.82001,197.5,116.86
2021-08-03,486.79001,2712.6001,287.12,198.14999,118.41
2021-08-04,487.79999,2702.51001,286.51001,202.74001,118.74
2021-08-05,487.67001,2725.03003,289.51999,206.37,119.22
2021-08-06,485.42999,2714.77002,289.45999,203.66,118.21
2021-08-09,484.67999,2738.26001,288.32999,202.95,118.22
2021-08-10,482.26001,2736.13989,286.44,199.36,116.36
2021-08-11,483.54999,2725.58008,286.95001,196.99001,115.99
2021-08-12,484.26001,2743.87988,289.81,199.05,115.7
2021-08-13,486.16,2754.55005,292.85001,201.88,115.5
2021-08-16,488.14001,2766.18994,294.60001,199.5,114.63
2021-08-17,478.69,2733.22998,293.07999,194.58,111.11
2021-08-18,468.97,2708.97998,290.73001,190.39999,110.45
2021-08-19,473.53,2713.6001,296.76999,197.98,110.52
2021-08-20,475.17001,2748.59009,304.35999,208.16,108.12
2021-08-23,482.45001,2800.83008,304.64999,219.58,110.96
2021-08-24,481.42999,2825.22998,302.62,217.92999,112.11
2021-08-25,483.41,2841.58008,302.01001,222.13,117.03
2021-08-26,485.73999,2828.81006,299.09,220.67999,118.1
2021-08-27,495.94,2880.08008,299.72,226.36,118.49
2021-08-30,498.89001,2891.81006,303.59,226.88,118.99
2021-08-31,497.20999,2893.94995,301.88,223.85001,119.01
2021-09-01,493.16,2904.31006,301.82999,224.41,120.46
2021-09-02,491.89999,2865.73999,301.14999,223.96001,120.79
2021-09-03,497.67999,2874.79004,301.14001,228.42999,123.97
2021-09-07,496.59,2885.61011,300.17999,226.62,124.7
2021-09-08,494.38,2873.82007,300.20999,223.39,121.89
2021-09-09,493.48999,2870.82007,297.25,221.77,122.68
2021-09-10,498.14999,2817.52002,295.70999,224.78,122.97
2021-09-13,498.95999,2846.6499,296.98999,221.52,123.62
2021-09-14,501.87,2850.88989,299.79001,222.42,123.09
2021-09-15,509.73999,2888.59009,304.82001,223.41,121.5
2021-09-16,507.35001,2872.19995,305.22,222.42,120.79
2021-09-17,506.0,2816.0,299.87,219.0,117.75
2021-09-20,494.82001,2774.38989,294.29999,211.13,114.7
2021-09-21,490.98999,2780.65991,294.79999,212.46001,114.96
2021-09-22,500.59,2805.66992,298.57999,219.41,115.87
2021-09-23,504.29999,2824.32007,299.56,224.82001,116.19
2021-09-24,504.92001,2844.30005,299.35001,220.81,115.64
2021-09-27,504.85001,2821.43994,294.17001,216.60001,116.15
2021-09-28,491.01999,2716.6001,283.51999,206.99001,111.9
2021-09-29,489.48001,2687.07007,284.0,205.17,111.62
2021-09-30,484.92999,2673.52002,281.92001,207.16,111.65
2021-10-01,487.35001,2730.86011,289.10001,207.42,111.56
2021-10-04,475.95001,2673.18994,283.10999,197.32001,109.02
2021-10-05,485.42001,2720.45996,288.76001,204.50999,109.26
2021-10-06,488.78,2751.30005,293.10999,207.0,109.34
2021-10-07,493.92001,2784.5,294.85001,210.75,110.83
2021-10-08,492.85001,2795.70996,294.85001,208.31,110.04
2021-10-11,492.34,2778.28003,294.23001,206.95,110.26
2021-10-12,485.28,2728.97998,292.88,206.71001,109.2
2021-10-13,485.01001,2751.63989,296.31,209.39,109.98
2021-10-14,497.60001,2823.02002,302.75,217.46001,112.56
2021-10-15,503.25,2827.36011,304.20999,218.62,114.86
2021-10-18,503.35999,2855.56006,307.29001,222.22,115.34
2021-10-19,510.39001,2864.73999,308.23001,222.89999,116.96
2021-10-20,509.39001,2835.37988,307.41,221.03,115.59
2021-10-21,514.15002,2837.71997,310.76001,226.92,116.29
2021-10-22,515.40997,2751.33008,309.16,227.25999,114.23
2021-10-25,522.07001,2748.93994,308.13,231.66,113.64
2021-10-26,533.87,2786.16992,310.10999,247.17,114.18
2021-10-27,523.10999,2924.3501,323.17001,244.50999,113.75
2021-10-28,529.57001,2916.97998,324.35001,249.41,116.01
2021-10-29,531.66998,2960.91992,331.62,255.67,113.7
2021-11-01,528.04999,2869.93994,329.37,258.26999,114.12
2021-11-02,537.07001,2908.6499,333.13,264.01001,114.11
2021-11-03,542.37,2931.95996,334.0,265.98001,114.01
2021-11-04,548.62,2965.3501,336.44,298.01001,117.79
2021-11-05,558.91998,2977.04004,336.06,297.51999,117.8
2021-11-08,558.95001,2980.62012,336.98999,308.04001,120.91
2021-11-09,557.79999,2978.37012,335.95001,306.57001,121.78
2021-11-10,548.77002,2917.87012,330.79999,294.59,118.2
2021-11-11,555.40002,2915.33008,332.42999,303.89999,118.19
2021-11-12,563.21997,2973.56006,336.72,303.89999,118.69
2021-11-15,565.77002,2969.04004,336.07001,300.25,118.12
2021-11-16,568.77002,2957.52002,339.51001,302.03,118.08
2021-11-17,569.64001,2960.93994,339.12,292.60999,119.06
2021-11-18,574.81,2996.77002,341.26999,316.75,123.39
2021-11-19,568.71997,2978.53003,343.10999,329.85001,124.26
2021-11-22,553.28003,2926.04004,339.82999,319.56,124.75
2021-11-23,555.12,2915.63989,337.67999,317.45999,121.36
2021-11-24,558.72998,2922.3999,337.91,326.73999,120.71
2021-11-26,546.59003,2843.65991,329.67999,315.03,117.09
2021-11-29,564.34003,2910.61011,336.63,333.76001,119.28
2021-11-30,553.67999,2837.94995,330.59,326.76001,117.15
2021-12-01,554.76001,2821.03003,330.07999,314.35001,120.63
2021-12-02,552.45001,2859.32007,329.48999,321.26001,121.7
2021-12-03,558.12,2840.03003,323.01001,306.92999,119.33
2021-12-06,564.97998,2863.1001,326.19,300.37,119.14
2021-12-07,590.40002,2945.38989,334.92001,324.26999,122.32
2021-12-08,588.56,2963.72998,334.97,318.26001,121.8
2021-12-09,583.41998,2952.77002,333.10001,304.89999,119.5
2021-12-10,631.67999,2960.03003,342.54001,301.98001,119.13
2021-12-13,621.65997,2916.53003,339.39999,281.60999,116.42
2021-12-14,614.90997,2878.13989,328.34,283.37,116.29
2021-12-15,639.85999,2928.82007,334.64999,304.59,120.4
2021-12-16,620.67999,2888.8999,324.89999,283.87,116.57
2021-12-17,634.96002,2834.5,323.79999,278.01001,116.32
2021-12-20,645.03003,2832.13989,319.91,277.19,114.94
2021-12-21,646.23999,2869.44995,327.29001,290.75,117.44
2021-12-22,655.20001,2928.30005,333.20001,294.0,121.3
2021-12-23,664.79999,2938.33008,334.69,296.39999,120.68
2021-12-27,674.28003,2958.12988,342.45001,309.45001,122.7
2021-12-28,669.0,2933.73999,341.25,303.22,122.06
2021-12-29,672.60999,2933.1001,341.95001,300.01001,121.41
2021-12-30,665.08002,2924.01001,339.32001,295.85999,120.42
2021-12-31,665.40997,2897.04004,336.32001,294.10999,120.31
2022-01-03,663.32001,2899.83008,334.75,301.20999,128.8
2022-01-04,670.91998,2887.98999,329.01001,292.89999,133.39999
2022-01-05,643.0,2755.5,316.38,276.04001,127.06
2022-01-06,637.03003,2754.94995,313.88,281.78,128.47
2022-01-07,619.15002,2740.34009,314.04001,272.47,123.5
2022-01-10,621.15997,2773.38989,314.26999,274.0,125.01
2022-01-11,622.04999,2794.71997,314.98001,278.17001,129.17
2022-01-12,622.0,2828.61011,318.26999,279.98999,132.23
2022-01-13,597.19,2771.73999,304.79999,265.75,139.19
2022-01-14,596.37,2789.61011,310.20001,269.42001,140.66
2022-01-18,577.78998,2719.95996,302.64999,259.03,133.83
2022-01-19,563.96997,2702.33008,303.32999,250.67,131.00999
2022-01-20,547.71997,2666.1499,301.60001,241.5,128.33
2022-01-21,533.22998,2607.03003,296.03,233.74001,124.53
2022-01-24,541.58002,2616.08008,296.37,233.72,125.96
2022-01-25,534.14001,2538.69995,288.48999,223.24001,122.48
2022-01-26,557.12,2584.65991,296.70999,227.72,123.08
2022-01-27,542.31,2580.1001,299.84,219.44,116.38
2022-01-28,560.09998,2667.02002,308.26001,228.39999,117.61
2022-01-31,585.88,2706.07007,310.98001,244.86,122.63
2022-02-01,592.71997,2752.87988,308.76001,246.38,123.05
2022-02-02,603.42999,2960.0,313.45999,252.42,124.15
2022-02-03,580.84998,2861.80005,301.25,239.48,119.84
2022-02-04,590.15997,2865.86011,305.94,243.19,121.02
2022-02-07,587.63,2784.02002,300.95001,247.28,122.31
2022-02-08,600.21997,2787.97998,304.56,251.08,123.71
2022-02-09,611.34003,2831.84009,311.20999,267.04999,125.52
2022-02-10,591.35999,2772.3999,302.38,258.23999,124.71
2022-02-11,573.41998,2685.6499,295.04001,239.49001,121.01
2022-02-14,578.58002,2710.52002,295.0,242.67,119.77
2022-02-15,602.77002,2732.16992,300.47,264.95001,124.52
2022-02-16,597.21002,2754.76001,299.5,265.10999,123.6
2022-02-17,579.0,2650.78003,290.73001,245.07001,119.76
2022-02-18,579.98999,2608.06006,287.92999,236.42,119.31
2022-02-22,577.46002,2596.27002,287.72,233.89999,116.91
2022-02-23,565.19,2551.76001,280.26999,223.87,115.9
2022-02-24,580.0,2653.82007,294.59,237.48,111.88
2022-02-25,588.01001,2689.18994,297.31,241.57001,111.23
2022-02-28,587.44,2701.13989,298.79001,243.85001,107.01
2022-03-01,570.12,2681.22998,294.95001,234.77,108.05
2022-03-02,585.78003,2691.42993,300.19,242.2,109.61
2022-03-03,578.59998,2677.98999,295.92001,237.14,108.79
2022-03-04,595.98999,2638.12988,289.85999,229.36,105.06
2022-03-07,570.70001,2527.57007,278.91,213.52,99.29
2022-03-08,575.95001,2542.09009,275.85001,215.14,100.0
2022-03-09,597.02002,2668.3999,288.5,230.14,104.95
2022-03-10,587.72998,2648.59009,285.59,226.58,103.96
2022-03-11,577.84998,2597.40991,280.07001,221.0,101.41
2022-03-14,567.79999,2519.02002,276.44,213.3,99.3
2022-03-15,592.76001,2583.95996,287.14999,229.73,102.09
2022-03-16,607.12,2665.61011,294.39001,244.96001,105.69
2022-03-17,602.66998,2676.78003,295.22,247.66,106.49
2022-03-18,610.40997,2722.51001,300.42999,264.53,106.72
2022-03-21,601.28998,2722.03003,299.16,267.34,106.92
2022-03-22,611.34003,2797.36011,304.06,265.23999,107.04
2022-03-23,599.38,2765.51001,299.48999,256.34,105.35
2022-03-24,626.42999,2831.43994,304.10001,281.5,107.92
2022-03-25,628.87,2833.45996,303.67999,276.92001,106.73
2022-03-28,632.88,2829.11011,310.70001,282.19,106.33
2022-03-29,641.46997,2850.11011,315.41,286.56,109.25
2022-03-30,631.09003,2838.77002,313.85999,276.89999,106.73
2022-03-31,629.67999,2781.3501,308.31,272.85999,104.26
2022-04-01,626.97998,2803.01001,309.42001,267.12,102.79
2022-04-04,634.84998,2859.42993,314.97,273.60001,104.79
2022-04-05,614.12,2811.82007,310.88,259.31,102.5
2022-04-06,602.0,2730.95996,299.5,244.07001,101.18
2022-04-07,603.04999,2717.77002,301.37,242.08,100.52
2022-04-08,587.0,2665.75,296.97,231.19,99.29
2022-04-11,580.60999,2576.46997,285.26001,219.17,97.57
2022-04-12,585.07001,2554.29004,282.06,215.03999,97.44
2022-04-13,592.53998,2597.87988,287.62,222.03,101.5
2022-04-14,573.84998,2534.6001,279.82999,212.58,98.36
2022-04-18,586.5,2553.53003,280.51999,217.83,98.77
2022-04-19,597.62,2600.17993,285.29999,221.98,99.45
2022-04-20,597.71997,2560.80005,286.35999,214.82001,99.01
2022-04-21,592.72998,2496.29004,280.81,201.83,97.66
2022-04-22,586.95001,2392.70996,274.03,195.14999,95.68
2022-04-25,587.88,2461.47998,280.72,199.02,96.24
2022-04-26,560.07001,2373.0,270.22,187.88,92.77
2022-04-27,559.53998,2285.88989,283.22,184.14999,90.26
2022-04-28,578.94,2370.44995,289.63,197.82001,95.22
2022-04-29,554.39001,2282.18994,277.51999,185.47,92.93
2022-05-02,576.34998,2331.65991,284.47,195.33,93.76
2022-05-03,581.16998,2346.67993,281.78,196.02,93.63
2022-05-04,603.65997,2445.21997,289.98001,203.34,95.99
2022-05-05,579.98999,2330.11011,277.35001,188.44,92.15
2022-05-06,580.09998,2314.92993,274.73001,186.75,91.63
2022-05-09,562.91998,2250.21997,264.57999,169.5,87.3
2022-05-10,581.39001,2287.8999,269.5,175.95,88.82
2022-05-11,567.10999,2272.05005,260.54999,166.3,87.83
2022-05-12,571.57001,2256.87988,255.35001,161.75,87.69
2022-05-13,588.23999,2321.01001,261.12,177.06,90.96
2022-05-16,582.66998,2288.8999,261.5,172.64,90.41
2022-05-17,608.15002,2329.45996,266.82001,181.77,93.32
2022-05-18,570.57001,2237.98999,254.08,169.38,90.53
2022-05-19,546.21002,2207.67993,253.14,171.24001,90.21
2022-05-20,543.19,2178.15991,252.56,166.94,90.78
2022-05-23,526.35999,2229.76001,260.64999,168.98,91.5
2022-05-24,524.20001,2119.3999,259.62,161.53999,88.72
2022-05-25,531.63,2116.1001,262.51999,169.75,90.41
2022-05-26,550.65997,2155.8501,265.89999,178.50999,91.0
2022-05-27,583.28003,2246.33008,273.23999,188.11,93.77
2022-05-31,580.13,2275.23999,271.87,186.72,95.3
2022-06-01,573.62,2277.84009,272.42001,183.2,94.75
2022-06-02,576.73999,2352.44995,274.57999,195.92,96.34
2022-06-03,563.32001,2290.82007,270.01999,187.2,93.77
2022-06-06,561.22998,2336.40991,268.75,187.86,93.11
2022-06-07,572.98999,2342.98999,272.5,189.25999,93.84
2022-06-08,565.35999,2343.87988,270.41,186.48,93.47
2022-06-09,556.21997,2296.70996,264.79001,180.48,90.85
2022-06-10,541.27002,2223.22998,252.99001,169.74001,88.68
2022-06-13,517.62,2127.8501,242.25999,156.47,85.55
2022-06-14,520.16998,2134.31006,244.49001,158.36,87.19
2022-06-15,526.71002,2195.29004,251.75999,165.27,89.13
2022-06-16,497.17999,2120.66992,244.97,156.00999,84.52
2022-06-17,498.64999,2142.87012,247.64999,158.8,85.0
2022-06-21,503.76999,2230.87988,253.74001,165.66,86.95
2022-06-22,496.10001,2229.75,253.13,163.60001,84.91
2022-06-23,496.57999,2244.84009,258.85999,162.25,84.12
2022-06-24,509.09,2359.5,267.70001,171.25999,85.92
2022-06-27,505.70999,2316.66992,264.89001,168.69,85.86
2022-06-28,498.45001,2240.1499,256.48001,159.82001,84.34
2022-06-29,490.41,2234.03003,260.26001,155.42,83.65
2022-06-30,485.81,2179.26001,256.82999,151.59,81.75
2022-07-01,477.84,2174.75,259.57999,145.23,77.0
2022-07-05,476.29999,2265.26001,262.85001,149.64,76.11
2022-07-06,482.60999,2291.43994,266.20999,151.3,75.56
2022-07-07,498.54001,2375.65991,268.39999,158.58,80.65
2022-07-08,498.69,2387.07007,267.66,158.38,81.51
2022-07-11,482.85999,2313.53003,264.51001,151.52,79.11
2022-07-12,481.37,2280.40991,253.67,150.82001,79.1
2022-07-13,481.73001,2227.07007,252.72,151.64,81.29
2022-07-14,484.64001,2207.3501,254.08,153.72,83.67
2022-07-15,494.45999,2235.55005,256.72,157.62,85.63
2022-07-18,491.06,109.03,254.25,161.00999,83.58
2022-07-19,509.0,113.81,259.53,169.92,86.15
2022-07-20,511.76999,113.9,262.26999,178.07001,86.56
2022-07-21,517.67999,114.34,264.84,180.5,87.79
2022-07-22,512.52002,107.9,260.35999,173.19,86.32
2022-07-25,513.10999,107.51,258.82999,170.24001,86.3
2022-07-26,511.09,105.02,251.89999,165.33,84.42
2022-07-27,527.78998,113.06,268.73999,177.89999,87.63
2022-07-28,533.60999,114.22,276.41,179.84,88.61
2022-07-29,535.47998,116.32,280.73999,181.63,88.48
2022-08-01,536.37,114.86,278.01001,184.41,86.31
2022-08-02,531.21002,115.13,274.82001,185.25999,86.05
2022-08-03,546.73999,118.08,282.47,188.92999,86.51
2022-08-04,552.79999,118.19,283.64999,192.14999,88.42
2022-08-05,551.44,117.47,282.91,189.89,89.77
2022-08-08,545.53003,117.3,280.32001,177.92999,87.94
2022-08-09,532.79999,116.63,282.29999,170.86,85.21
2022-08-10,550.40997,119.7,289.16,180.97,88.67
2022-08-11,545.42999,118.84,287.01999,179.42,89.52
2022-08-12,558.22998,121.68,291.91,187.09,90.86
2022-08-15,558.96002,122.08,293.47,190.32001,91.57
2022-08-16,551.65002,121.7,292.70999,188.78999,89.95
2022-08-17,538.59003,119.55,291.32001,183.35001,89.2
2022-08-18,558.45001,120.17,290.17001,187.73,89.27
2022-08-19,548.42999,117.21,286.14999,178.49001,87.2
2022-08-22,528.75,114.24,277.75,170.34,85.24
2022-08-23,529.78003,113.86,276.44,171.81,86.03
2022-08-24,530.84003,113.69,275.79001,172.22,85.56
2022-08-25,550.13,116.65,278.85001,179.13,87.57
2022-08-26,520.85999,110.34,268.09,162.60001,84.74
2022-08-29,514.17999,109.42,265.23001,158.00999,82.85
2022-08-30,506.39001,108.94,262.97,154.67999,82.79
2022-08-31,499.10999,108.22,261.47,150.94,83.35
2022-09-01,492.01001,109.74,260.39999,139.37,81.64
2022-09-02,500.22,107.85,256.06,136.47,80.9
2022-09-06,498.20001,106.81,253.25,134.64999,80.03
2022-09-07,505.13,109.45,258.09,137.14,79.95
2022-09-08,511.92999,108.38,258.51999,139.89999,80.24
2022-09-09,522.40002,110.65,264.45999,143.87,81.53
2022-09-12,529.06,110.86,266.64999,145.05,82.15
2022-09-13,503.64999,104.32,251.99001,131.31,78.81
2022-09-14,510.75,105.0,252.22,131.28,79.66
2022-09-15,500.14001,102.91,245.38,129.28999,77.98
2022-09-16,502.5,102.8,244.74001,131.98,77.89
2022-09-19,501.84,103.07,244.52,133.82001,78.23
2022-09-20,493.06,101.14,242.45,131.75999,78.15
2022-09-21,482.14001,99.28,238.95,132.61,77.14
2022-09-22,477.60999,100.14,240.98,125.61,75.63
2022-09-23,468.67999,98.74,237.92,125.16,73.87
2022-09-26,462.26001,98.17,237.45,122.28,73.01
2022-09-27,464.75,97.5,236.41,124.13,73.03
2022-09-28,465.95999,100.05,241.07001,127.36,72.13
2022-09-29,450.13,97.42,237.5,122.2,69.28
2022-09-30,444.01001,95.65,232.89999,121.39,68.56
2022-10-03,456.78,98.64,240.74001,125.12,69.25
2022-10-04,479.85999,101.64,248.88,131.67,72.81
2022-10-05,484.79999,101.43,249.2,132.09,74.48
2022-10-06,479.5,101.42,246.78999,131.3,74.35
2022-10-07,460.48001,98.68,234.24001,120.76,69.75
2022-10-10,437.70001,97.86,229.25,116.7,67.44
2022-10-11,430.76001,97.18,225.41,115.86,63.45
2022-10-12,430.57001,97.56,225.75,115.0,64.11
2022-10-13,437.97,99.06,234.24001,119.6,66.62
2022-10-14,427.10001,96.56,228.56,112.27,63.92
2022-10-17,435.37,99.97,237.53,118.88,64.89
2022-10-18,434.82999,100.77,238.5,119.67,63.71
2022-10-19,435.29999,99.63,236.48,120.51,63.66
2022-10-20,430.29999,99.97,236.14999,121.94,63.58
2022-10-21,449.73001,101.13,242.12,124.66,63.75
2022-10-24,456.51999,102.52,247.25,125.99,61.29
2022-10-25,460.07001,104.48,250.66,132.61,61.14
2022-10-26,461.17999,94.93,231.32001,128.96001,60.84
2022-10-27,455.39999,92.22,226.75,131.75999,60.95
2022-10-28,472.89999,96.29,235.87,138.34,62.01
2022-10-31,470.12,94.51,232.13,134.97,61.55
2022-11-01,467.89999,90.47,228.17,135.42999,61.58
2022-11-02,456.03,86.97,220.10001,132.19,60.52
2022-11-03,444.12,83.43,214.25,134.21001,60.28
2022-11-04,465.29999,86.58,221.39,141.56,62.48
2022-11-07,475.22,88.49,227.87,143.00999,62.76
2022-11-08,482.10999,88.9,228.87,146.02,65.02
2022-11-09,469.47,87.32,224.50999,137.75999,65.0
2022-11-10,506.57001,93.94,242.98,157.5,70.84
2022-11-11,518.09003,96.41,247.11,163.27,73.83
2022-11-14,513.21997,95.7,241.55,162.95,72.8
2022-11-15,524.41998,98.44,241.97,166.66,80.46
2022-11-16,511.73001,98.85,241.73,159.10001,79.45
2022-11-17,512.10999,98.36,241.67999,156.77,81.48
2022-11-18,515.15997,97.43,241.22,154.09,82.27
2022-11-21,517.44,95.6,242.05,153.17,79.93
2022-11-22,530.04999,97.05,245.03,160.38,82.54
2022-11-23,533.64001,98.46,247.58,165.19,81.97
2022-11-25,529.90997,97.46,247.49001,162.7,81.4
2022-11-28,522.21002,96.05,241.75999,158.27,79.22
2022-11-29,521.39001,95.19,240.33,156.39,79.33
2022-11-30,551.03003,100.99,255.14,169.23,82.98
2022-12-01,550.75,100.99,254.69,171.35001,82.68
2022-12-02,540.79999,100.44,255.02,168.75999,81.5
2022-12-05,530.64001,99.48,250.2,166.10001,81.62
2022-12-06,525.82001,96.98,245.12,159.87,79.56
2022-12-07,518.5,94.94,244.37,161.2,79.24
2022-12-08,531.08002,93.71,247.39999,171.69,80.8
2022-12-09,544.71997,92.83,245.42,170.00999,80.69
2022-12-12,556.63,93.31,252.50999,175.35001,80.43
2022-12-13,571.03998,95.63,256.92001,180.72,80.51
2022-12-14,574.44,95.07,257.22,176.74001,80.02
2022-12-15,558.0,90.86,249.00999,169.52,77.61
2022-12-16,555.90997,90.26,244.69,165.71001,76.3
2022-12-19,549.63,88.44,240.45,162.53999,76.1
2022-12-20,544.02002,89.02,241.8,160.85001,75.62
2022-12-21,561.22998,89.58,244.42999,165.00999,77.14
2022-12-22,553.09003,87.76,238.19,153.39,75.28
2022-12-23,552.42999,89.23,238.73,152.06,74.89
2022-12-27,553.53998,87.39,236.96001,141.21001,74.32
2022-12-28,544.89001,86.02,234.53,140.36,73.06
2022-12-29,557.81,88.45,241.00999,146.03,76.0
2022-12-30,559.13,88.23,239.82001,146.14,74.49
2023-01-03,553.47998,89.12,239.58,143.14999,74.03
2023-01-04,560.23999,88.08,229.10001,147.49001,76.32
2023-01-05,555.02002,86.2,222.31,142.64999,75.73
2023-01-06,588.42999,87.34,224.92999,148.59,78.07
2023-01-09,576.89001,88.02,227.12,156.28,80.31
2023-01-10,574.92999,88.42,228.85001,159.09,81.27
2023-01-11,578.14001,91.52,235.77,160.00999,81.78
2023-01-12,581.94,91.13,238.50999,165.11,87.0
2023-01-13,579.0,92.12,239.23,168.99001,86.8
2023-01-17,579.23999,91.29,240.35001,177.02,88.99
2023-01-18,574.28998,91.12,235.81,173.77,89.47
2023-01-19,563.21997,93.05,231.92999,167.64999,88.4
2023-01-20,570.78003,98.02,240.22,178.39,91.03
2023-01-23,581.63,99.79,242.58,191.92999,95.66
2023-01-24,585.03003,97.7,242.03999,192.64999,94.56
2023-01-25,585.67999,95.22,240.61,193.23,92.41
2023-01-26,598.58002,97.52,248.0,198.02,93.45
2023-01-27,590.98999,99.37,248.16,203.64999,93.3
2023-01-30,581.45001,96.94,242.71001,191.62,93.13
2023-01-31,585.01001,98.84,247.81,195.37,92.73
2023-02-01,602.75,100.43,252.75,209.42999,94.74
2023-02-02,605.77002,107.74,264.60001,217.09,96.65
2023-02-03,597.62,104.78,258.35001,211.0,94.66
2023-02-06,601.29999,102.9,256.76999,210.89,91.83
2023-02-07,614.45001,107.64,267.56,221.73,94.55
2023-02-08,601.71002,99.37,266.73001,222.05,94.28
2023-02-09,599.40997,95.01,263.62,223.37,96.69
2023-02-10,593.25,94.57,263.10001,212.64999,95.37
2023-02-13,601.12,94.61,271.32001,217.88,96.11
2023-02-14,602.31,94.68,272.17001,229.71001,97.96
2023-02-15,607.69,96.94,269.32001,227.64,92.76
2023-02-16,600.53998,95.51,262.14999,220.02,90.82
2023-02-17,595.59003,94.35,258.06,213.88,90.1
2023-02-21,581.53998,91.79,252.67,206.55,87.64
2023-02-22,576.16998,91.65,251.50999,207.53999,86.83
2023-02-23,583.79999,90.89,254.77,236.64,90.08
2023-02-24,577.75,89.13,249.22,232.86,88.11
2023-02-27,585.45001,89.87,250.16,235.00999,87.3
2023-02-28,594.28998,90.06,249.42,232.16,87.07
2023-03-01,593.57001,90.36,246.27,226.98,88.42
2023-03-02,598.65002,92.0,251.11,233.14,89.03
2023-03-03,632.76001,93.65,255.28999,238.89999,89.79
2023-03-06,632.91998,95.13,256.87,235.53999,89.58
2023-03-07,625.15002,93.86,254.14999,232.88,88.85
2023-03-08,632.26001,94.25,253.7,241.81,90.83
2023-03-09,622.52002,92.32,252.32001,234.36,88.88
2023-03-10,614.83002,90.63,248.59,229.64999,87.25
2023-03-13,616.46997,91.11,253.92,229.66,87.74
2023-03-14,632.46002,93.97,260.79001,240.63,89.29
2023-03-15,626.03998,96.11,265.44,242.28,86.7
2023-03-16,636.5,100.32,276.20001,255.41,89.3
2023-03-17,630.96997,101.62,279.42999,257.25,89.47
2023-03-20,643.71002,101.22,272.23001,259.0,90.04
2023-03-21,636.75,104.92,273.78,261.98999,92.5
2023-03-22,630.91998,103.37,272.29001,264.67999,92.62
2023-03-23,639.22998,105.6,277.66,271.91,94.59
2023-03-24,636.16998,105.44,280.57001,267.79001,92.79
2023-03-27,626.84003,102.46,276.38,265.31,90.66
2023-03-28,624.70001,101.03,275.23001,264.10001,90.81
2023-03-29,625.5,101.39,280.51001,269.84,92.76
2023-03-30,633.75,100.89,284.04999,273.82999,92.47
2023-03-31,641.53998,103.73,288.29999,277.76999,93.02
2023-04-03,642.46997,104.36,287.23001,279.64999,92.84
2023-04-04,634.40997,104.72,287.17999,274.53,92.17
2023-04-05,629.01001,104.47,284.34,268.81,90.2
2023-04-06,622.64001,108.42,291.60001,270.37,90.24
2023-04-10,627.39001,106.44,289.39001,275.79001,89.02
2023-04-11,621.57001,105.35,282.82999,271.69,89.24
2023-04-12,616.70001,104.64,283.48999,264.95001,86.87
2023-04-13,624.23999,107.43,289.84,264.63,87.05
2023-04-14,619.53998,108.87,286.14001,267.57999,87.2
2023-04-17,627.35999,105.97,288.79999,270.01999,87.99
2023-04-18,632.32001,104.5,288.37,276.67001,88.14
2023-04-19,634.5,104.18,288.45001,279.31,87.23
2023-04-20,633.02002,105.29,286.10999,271.04001,89.29
2023-04-21,632.90002,105.41,285.76001,271.19,85.37
2023-04-24,634.53998,105.97,281.76999,270.42001,84.64
2023-04-25,622.02002,103.85,275.42001,262.41,82.29
2023-04-26,616.19,103.71,295.37,269.56,82.25
2023-04-27,618.40997,107.59,304.82999,272.26001,83.67
2023-04-28,626.5,107.34,307.26001,277.48999,84.3
2023-05-01,637.95001,107.2,305.56,289.10001,83.98
2023-05-02,612.34003,105.32,305.41,282.10001,82.96
2023-05-03,613.20001,105.41,304.39999,278.01999,82.7
2023-05-04,610.15997,104.69,305.41,275.62,83.49
2023-05-05,630.12,105.57,310.64999,286.79999,84.97
2023-05-08,629.06,107.77,308.64999,291.51001,85.54
2023-05-09,618.51001,107.35,307.0,285.70999,85.06
2023-05-10,626.27002,111.75,312.31,288.85001,84.9
2023-05-11,627.66998,116.57,310.10999,285.78,83.43
2023-05-12,631.15002,117.51,308.97,283.39999,83.43
2023-05-15,639.79999,116.51,309.45999,289.53,85.66
2023-05-16,641.44,119.51,311.73999,292.13,85.88
2023-05-17,657.46997,120.84,314.0,301.78,90.88
2023-05-18,677.90002,122.83,318.51999,316.78,92.65
2023-05-19,682.25,122.76,318.34,312.64001,92.58
2023-05-22,678.37,125.05,321.17999,311.76001,91.72
2023-05-23,686.5,122.56,315.26001,306.88,90.44
2023-05-24,679.53003,120.9,313.85001,305.38,90.13
2023-05-25,728.79999,123.48,325.92001,379.79999,100.95
2023-05-26,812.72998,124.61,332.89001,389.45999,103.21
2023-05-30,803.34003,123.67,331.20999,401.10999,101.98
2023-05-31,807.96002,122.87,328.39001,378.34,98.59
2023-06-01,789.95001,123.72,332.57999,397.70001,98.84
2023-06-02,812.0,124.67,335.39999,393.26999,98.94
2023-06-05,802.29999,126.01,335.94,391.70999,98.05
2023-06-06,790.0,127.31,333.67999,386.54001,99.82
2023-06-07,792.63,122.5,323.38,374.75,100.29
2023-06-08,804.20001,122.14,325.26001,385.10001,99.94
2023-06-09,804.62,122.23,326.79001,387.70001,102.8
2023-06-12,855.35999,123.64,331.85001,394.82001,107.06
2023-06-13,851.12,123.83,334.29001,410.22,106.8
2023-06-14,886.17999,123.67,337.34,429.97,107.41
2023-06-15,883.42999,125.09,348.10001,426.53,105.18
2023-06-16,868.10999,123.53,342.32999,426.92001,104.57
2023-06-20,868.03003,123.1,338.04999,438.07999,103.98
2023-06-21,847.65997,120.55,333.56,430.45001,101.64
2023-06-22,842.42999,123.15,339.70999,430.25,103.13
2023-06-23,822.15002,122.34,335.01999,422.09,101.91
2023-06-26,821.63,118.34,328.60001,406.32001,100.11
2023-06-27,848.40002,118.33,334.57001,418.76001,102.08
2023-06-28,847.94,120.18,335.85001,411.17001,100.92
2023-06-29,862.57001,119.1,335.04999,408.22,100.64
2023-06-30,867.42999,119.7,340.54001,423.01999,100.92
2023-07-03,876.44,119.9,337.98999,424.13,103.15
2023-07-05,861.85999,121.75,338.14999,423.17001,100.99
2023-07-06,848.0,120.11,341.26999,421.03,99.41
2023-07-07,846.75,119.48,337.22,425.03,100.23
2023-07-10,877.72998,116.45,331.82999,421.79999,99.77
2023-07-11,882.04999,117.14,332.47,424.04999,101.26
2023-07-12,889.95001,118.93,337.20001,439.01999,103.9
2023-07-13,890.35999,124.54,342.66,459.76999,105.57
2023-07-14,888.58002,125.42,345.23999,454.69,105.14
2023-07-17,910.34998,124.65,345.73001,464.60999,104.79
2023-07-18,903.42999,123.76,359.48999,474.94,103.15
2023-07-19,901.37,122.03,355.07999,470.76999,103.06
2023-07-20,888.34003,119.2,346.87,455.20001,97.86
2023-07-21,896.75,120.02,343.76999,443.09,97.25
2023-07-24,901.59003,121.53,345.10999,446.12,98.25
2023-07-25,917.98999,122.21,350.98001,456.79001,100.32
2023-07-26,893.09003,129.27,337.76999,454.51999,99.41
2023-07-27,893.53003,129.39999,330.72,459.0,99.35
2023-07-28,899.78998,132.58,338.37,467.5,100.86
2023-07-31,898.65002,132.72,335.92001,467.29001,99.15
2023-08-01,920.0,131.55,336.34,465.07001,98.4
2023-08-02,892.29999,128.38,327.5,442.69,95.7
2023-08-03,884.97998,128.45,326.66,445.14999,94.98
2023-08-04,881.65002,128.11,327.78,446.79999,96.16
2023-08-07,897.06,131.53,330.10999,454.16501,96.35
2023-08-08,883.15997,131.39999,326.04999,446.64001,94.49
2023-08-09,850.72998,129.66,322.23001,425.54001,93.98
2023-08-10,842.90002,129.69,322.92999,423.88,94.8
2023-08-11,829.76001,129.56,321.01001,408.54999,91.99
2023-08-14,854.09998,131.33,324.04001,437.53,93.07
2023-08-15,842.52002,129.78,321.85999,439.39999,91.68
2023-08-16,832.98999,128.7,320.39999,434.85999,91.78
2023-08-17,827.09998,129.92,316.88,433.435,91.64
2023-08-18,825.84003,127.46,316.48001,432.98999,91.1
2023-08-21,865.14001,128.37,321.88,469.67001,92.56
2023-08-22,855.78998,129.08,322.45999,456.67999,92.24
2023-08-23,876.58002,132.37,327.0,471.16,94.22
2023-08-24,854.46002,129.78,319.97,471.63,92.53
2023-08-25,851.82001,129.88,322.98001,460.17999,93.1
2023-08-28,861.08002,131.00999,323.70001,468.35001,94.0
2023-08-29,889.92999,134.57001,328.41,487.84,95.08
2023-08-30,892.28003,135.88,328.79001,492.64001,94.78
2023-08-31,922.89001,136.17,327.76001,493.54999,93.57
2023-09-01,872.52002,135.66,328.66,485.09,93.19
2023-09-05,872.16998,135.77,333.54999,485.48001,94.6
2023-09-06,872.27002,134.46001,332.88,470.60999,92.26
2023-09-07,857.03003,135.25999,329.91,462.41,90.05
2023-09-08,857.54999,136.38,334.26999,455.72,89.64
2023-09-11,859.14001,136.92,337.94,451.78,89.6
2023-09-12,844.52002,135.34,331.76999,448.70001,90.48
2023-09-13,852.92999,136.71001,336.06,454.85001,91.22
2023-09-14,871.64001,138.10001,338.70001,455.81,91.47
2023-09-15,851.67999,137.39999,330.22,439.0,89.25
2023-09-18,850.0,138.21001,329.06,439.66,88.83
2023-09-19,849.20001,138.03999,328.64999,435.20001,88.17
2023-09-20,830.57001,133.74001,320.76999,422.39001,87.29
2023-09-21,808.35999,130.44,319.53,410.17001,85.36
2023-09-22,829.08002,130.25,317.01001,416.10001,85.64
2023-09-25,833.89001,131.11,317.54001,422.22,86.24
2023-09-26,816.19,128.565,312.14001,419.10999,84.29
2023-09-27,816.81,130.53999,312.79001,424.67999,85.44
2023-09-28,832.0,132.31,313.64001,430.89001,86.41
2023-09-29,830.58002,130.86,315.75,434.98999,86.9
2023-10-02,834.95001,134.17,321.79999,447.82001,87.65
2023-10-03,814.83002,132.42999,313.39001,435.17001,85.41
2023-10-04,823.81,135.24001,318.95499,440.41,86.67
2023-10-05,823.85999,135.07001,319.35999,446.88,87.03
2023-10-06,845.26001,137.58,327.26001,457.62,89.29
2023-10-09,855.88,138.42,329.82001,452.73001,88.99
2023-10-10,858.40997,138.06,328.39001,457.98001,90.61
2023-10-11,874.56,140.55,332.42001,468.06,92.0
2023-10-12,905.59998,138.97,331.16,469.45001,92.42
2023-10-13,883.17999,137.36,327.73001,454.60999,90.46
2023-10-16,902.57001,139.095,332.64001,460.95001,91.22
2023-10-17,884.40002,139.72,332.06,439.38,91.0
2023-10-18,887.03003,137.96001,330.10999,421.95999,89.6
2023-10-19,867.83002,137.75,331.32001,421.01001,92.91
2023-10-20,853.63,135.60001,326.67001,413.87,91.31
2023-10-23,862.21997,136.5,329.32001,429.75,91.11
2023-10-24,881.10999,138.81,330.53,436.63,91.64
2023-10-25,849.63,125.61,340.67001,417.79001,87.64
2023-10-26,826.75,122.28,327.89001,403.26001,87.45
2023-10-27,838.35999,122.17,329.81,405.0,85.99
2023-10-30,841.25,124.46,337.31,411.60999,86.06
2023-10-31,841.37,124.08,338.10999,407.79999,86.31
2023-11-01,852.94,126.45,346.07001,423.25,87.8
2023-11-02,871.29999,127.49,348.32001,435.06,90.48
2023-11-03,882.67999,129.10001,352.79999,450.04999,91.79
2023-11-06,880.83002,130.25,356.53,457.51001,92.6
2023-11-07,897.82001,130.97,360.53,459.54999,92.41
2023-11-08,911.13,131.84,363.20001,465.73999,92.0
2023-11-09,911.38,130.24001,360.69,469.5,91.62
2023-11-10,957.52002,132.59,369.67001,483.35001,97.44
2023-11-13,946.92999,132.09,366.67999,486.20001,96.42
2023-11-14,972.96002,133.62,370.26999,496.56,98.91
2023-11-15,975.40002,134.62,369.67001,488.88,98.8
2023-11-16,959.54999,136.92999,376.17001,494.79999,98.54
2023-11-17,977.72998,135.31,369.85001,492.98001,99.58
2023-11-20,995.71002,136.25,377.44,504.09,99.96
2023-11-21,981.20001,136.97,373.07001,499.44,98.41
2023-11-22,972.0,138.49001,377.85001,487.16,98.65
2023-11-24,978.87,136.69,377.42999,477.76001,97.83
2023-11-27,950.23999,136.41,378.60999,482.42001,97.21
2023-11-28,946.34998,137.2,382.70001,478.20999,97.98
2023-11-29,940.83002,134.99001,378.85001,481.39999,98.88
2023-11-30,925.72998,132.53,378.91,467.70001,97.31
2023-12-01,930.0,131.86,374.51001,467.64999,98.55
2023-12-04,923.96997,129.27,369.14001,455.10001,97.01
2023-12-05,913.12,130.99001,372.51999,465.66,96.69
2023-12-06,903.64001,130.02,368.79999,455.03,97.85
2023-12-07,922.26001,136.92999,370.95001,465.95999,99.29
2023-12-08,944.29999,134.99001,374.23001,475.06,100.35
2023-12-11,1029.23999,133.28999,371.29999,466.26999,100.95
2023-12-12,1072.28003,132.52,374.38,476.57001,101.6
2023-12-13,1089.68994,132.57001,374.37,480.88,102.12
2023-12-14,1106.48999,131.94,365.92999,483.5,103.45
2023-12-15,1129.73999,132.60001,370.73001,488.89999,102.54
2023-12-18,1147.0,135.8,372.64999,500.76999,102.93
2023-12-19,1139.57996,136.64999,373.26001,496.04001,103.87
2023-12-20,1110.38,138.34,370.62,481.10999,100.04
2023-12-21,1127.29004,140.42,373.54001,489.89999,102.55
2023-12-22,1121.97998,141.49001,374.57999,488.29999,103.15
2023-12-26,1131.89001,141.52,374.66,492.79001,104.45
2023-12-27,1126.17004,140.37,374.07001,494.17001,104.65
2023-12-28,1122.41003,140.23,375.28,495.22,104.7
2023-12-29,1116.25,139.69,376.04001,495.22,104.0
2024-01-02,1085.38,138.17,370.87,481.67999,101.53
2024-01-03,1058.57996,138.92,370.60001,475.69,100.17
2024-01-04,1049.01001,136.39,367.94,479.98001,99.13
2024-01-05,1049.28003,135.73,367.75,490.97,99.61
2024-01-08,1074.84998,138.84,374.69,522.53003,102.24
2024-01-09,1082.48999,140.95,375.79001,531.40002,101.89
2024-01-10,1080.56995,142.28,382.76999,543.5,100.8
2024-01-11,1099.97998,142.08,384.63,548.21997,101.22
2024-01-12,1107.68005,142.64999,388.47,547.09998,101.24
2024-01-16,1114.95996,142.49001,390.26999,563.82001,101.67
2024-01-17,1103.67004,141.47,389.47,560.53003,102.95
2024-01-18,1143.91003,143.48,393.87,571.07001,113.03
2024-01-19,1211.19995,146.38,398.67001,594.90997,114.2
2024-01-22,1220.5,145.99001,396.51001,596.53998,113.03
2024-01-23,1226.31006,147.03999,398.89999,598.72998,114.13
2024-01-24,1253.87,148.7,402.56,613.62,116.52
2024-01-25,1230.0,151.87,404.87,616.16998,116.56
2024-01-26,1204.88,152.185,403.92999,610.31,117.26
2024-01-29,1217.77002,153.50999,409.72,624.65002,116.98
2024-01-30,1208.16003,151.46001,408.59,627.73999,116.06
2024-01-31,1180.0,140.10001,397.57999,615.27002,112.96
2024-02-01,1200.01001,141.16,403.78,630.27002,113.39
2024-02-02,1224.33997,142.38,411.22,661.59998,115.75
2024-02-05,1243.09998,143.67999,405.64999,693.32001,118.79
2024-02-06,1222.65002,144.10001,405.48999,682.22998,119.38
2024-02-07,1257.06006,145.53999,414.04999,700.98999,124.98
2024-02-08,1274.76001,145.91,414.10999,696.40997,133.73
2024-02-09,1283.43994,149.0,420.54999,721.33002,133.11
2024-02-12,1265.0,147.53,415.26001,722.47998,130.46001
2024-02-13,1251.65002,145.14,406.32001,721.28003,127.55
2024-02-14,1262.21997,145.94,409.48999,739.0,129.27
2024-02-15,1265.06995,142.77,406.56,726.58002,129.03
2024-02-16,1245.47998,140.52,404.06,726.13,126.69
2024-02-20,1226.55005,141.12,402.79001,694.52002,125.33
2024-02-21,1227.44995,142.55,402.17999,674.71997,125.34
2024-02-22,1304.90002,144.09,411.64999,785.38,129.07001
2024-02-23,1296.37,143.96001,410.34,788.16998,129.53
2024-02-26,1309.13,137.57001,407.54001,790.91998,130.64
2024-02-27,1296.22998,138.88,407.48001,787.01001,128.59
2024-02-28,1289.42004,136.38,407.72,776.63,127.38
2024-02-29,1300.48999,138.46001,413.64001,791.12,128.67
2024-03-01,1399.17004,137.14,415.5,822.78998,133.89999
2024-03-04,1402.26001,133.35001,414.92001,852.37,138.25999
2024-03-05,1342.75,132.67,402.64999,859.64001,134.97
2024-03-06,1350.0,131.39999,402.09,887.0,141.57001
2024-03-07,1407.01001,134.38,409.14001,926.69,149.2
2024-03-08,1308.71997,135.41,406.22,875.28003,146.37
2024-03-11,1293.12,137.67,404.51999,857.73999,139.02
2024-03-12,1291.88,138.5,415.28,919.13,144.39999
2024-03-13,1257.87,139.78999,415.10001,908.88,142.14
2024-03-14,1262.27002,143.10001,425.22,879.44,139.62
2024-03-15,1235.5,141.17999,416.42001,878.36499,136.98
2024-03-18,1237.23999,147.67999,417.32001,884.54999,136.64
2024-03-19,1238.01001,147.03,421.41,893.97998,134.87
2024-03-20,1276.0,148.74001,425.23001,903.71997,136.75
2024-03-21,1348.0,147.60001,429.37,914.34998,139.45
2024-03-22,1353.46997,150.77,428.73999,942.89001,140.53999
2024-03-25,1351.57996,150.07001,422.85999,950.02002,140.23
2024-03-26,1331.48999,150.67,421.64999,925.60999,138.84
2024-03-27,1318.72998,150.87,421.42999,902.5,136.69
2024-03-28,1325.41003,150.92999,420.72,903.56,136.05
2024-04-01,1350.26001,155.49001,424.57001,903.63,141.49001
2024-04-02,1338.76001,154.56,421.44,894.52002,140.22
2024-04-03,1363.20996,154.92,420.45001,889.64001,142.0
2024-04-04,1317.5,150.53,417.88,859.04999,139.66
2024-04-05,1339.43005,152.5,425.51999,880.08002,141.36
2024-04-08,1336.09998,154.85001,424.59,871.33002,142.78999
2024-04-09,1334.07996,156.60001,426.28,853.53998,145.39999
2024-04-10,1322.37,156.14,423.26001,870.39001,146.22
2024-04-11,1382.45996,159.41,427.92999,906.15997,147.2
2024-04-12,1344.06995,157.73,421.89999,881.85999,142.52
2024-04-15,1310.68994,154.86,413.64001,860.01001,140.14
2024-04-16,1329.06006,154.39999,414.57999,874.15002,139.8
2024-04-17,1282.63,155.47,411.84,840.34998,139.03
2024-04-18,1258.98999,156.00999,404.26999,846.71002,132.27
2024-04-19,1204.70996,154.09,399.12,762.0,127.7
2024-04-22,1224.45996,156.28,400.95999,795.17999,129.75
2024-04-23,1249.18994,158.25999,407.57001,824.22998,133.42999
2024-04-24,1256.81995,159.13,409.06,796.77002,132.97
2024-04-25,1294.42004,156.0,399.04001,826.32001,136.58
2024-04-26,1344.06995,171.95,406.32001,877.34998,138.3
2024-04-29,1338.62,166.14999,402.25,877.57001,138.5
2024-04-30,1300.27002,162.78,389.32999,864.02002,137.34
2024-05-01,1242.85999,163.86,394.94,830.40997,134.94
2024-05-02,1238.56995,166.62,397.84,858.16998,136.23
2024-05-03,1278.10999,167.24001,406.66,887.89001,141.56
2024-05-06,1310.31006,168.10001,413.54001,921.40002,142.83
2024-05-07,1303.10999,171.25,409.34,905.53998,141.11
2024-05-08,1325.37,169.38,410.54001,904.12,143.60001
2024-05-09,1305.67004,169.96001,412.32001,887.46997,142.78999
2024-05-10,1332.80005,168.64999,414.73999,898.78003,149.25999
2024-05-13,1337.51001,169.14,413.72,903.98999,146.41
2024-05-14,1380.03003,170.34,416.56,913.56,151.95
2024-05-15,1436.17004,172.50999,423.07999,946.29999,155.58
2024-05-16,1412.13,174.17999,420.98999,943.59003,152.23
2024-05-17,1395.29004,176.06,420.20999,924.78998,151.67999
2024-05-20,1414.03003,176.92,425.34,947.79999,153.55
2024-05-21,1399.19995,177.85001,429.04001,953.85999,153.67
2024-05-22,1392.23999,176.38,430.51999,949.5,156.14999
2024-05-23,1393.29004,173.55,427.0,1037.98999,157.09
2024-05-24,1407.83997,174.99001,430.16,1064.68994,160.0
2024-05-28,1412.44995,176.39999,430.32001,1139.01001,159.41
2024-05-29,1390.67004,175.89999,429.17001,1148.25,154.34
2024-05-30,1364.07996,172.11,414.67001,1105.0,152.96001
2024-05-31,1328.55005,172.5,415.13,1096.32996,151.03999
2024-06-03,1321.90002,173.17,413.51999,1150.0,154.95
2024-06-04,1330.81995,173.78999,416.07001,1164.37,152.47
2024-06-05,1413.08997,175.41,424.01001,1224.40002,162.92
2024-06-06,1401.27002,176.73,424.51999,1209.97998,162.07001
2024-06-07,1406.64001,174.46001,423.85001,1208.88,164.39
2024-06-10,1440.46997,175.00999,427.87,121.79,168.16
2024-06-11,1461.03003,176.62,432.67999,120.91,165.71001
2024-06-12,1495.51001,177.78999,441.06,125.2,172.98
2024-06-13,1678.98999,175.16,441.57999,129.61,172.91
2024-06-14,1735.04004,176.78999,442.57001,131.88,172.50999
2024-06-17,1828.87,177.24001,448.37,130.98,177.24001
2024-06-18,1802.52002,175.09,446.34,135.58,179.69
2024-06-20,1734.56006,176.3,445.70001,130.78,175.38
2024-06-21,1658.63,179.63,449.78,126.57,173.96001
2024-06-24,1592.20996,179.22,447.67001,118.11,167.81
2024-06-25,1580.79004,184.03,450.95001,126.09,172.60001
2024-06-26,1592.0,183.88,452.16,126.4,172.07001
2024-06-27,1586.66003,185.41,452.85001,123.99,171.63
2024-06-28,1605.53003,182.14999,446.95001,123.54,173.81
2024-07-01,1640.80005,182.99001,456.73001,124.3,172.33
2024-07-02,1657.47998,185.24001,459.28,122.67,175.7
2024-07-03,1729.21997,185.82001,460.76999,128.28,182.49001
2024-07-05,1703.31006,190.60001,467.56,125.83,183.99001
2024-07-08,1745.85999,189.03,466.23999,128.2,186.63
2024-07-09,1733.31006,188.98,459.54001,131.38,184.52
2024-07-10,1744.68994,191.17999,466.25,134.91,191.05
2024-07-11,1705.94995,185.57001,454.70001,127.4,184.5
2024-07-12,1700.67004,185.07001,453.54999,129.24001,187.35001
2024-07-15,171.42,186.53,453.95999,128.44,185.22
2024-07-16,169.375,183.92,449.51999,126.36,186.03999
2024-07-17,155.98,181.02,443.51999,117.99,171.2
2024-07-18,160.52,177.69,440.37,121.09,171.87
2024-07-19,157.35001,177.66,437.10999,117.93,165.77
2024-07-22,161.06,181.67,442.94,123.54,169.35001
2024-07-23,163.77,181.78999,444.85001,122.59,169.82001
2024-07-24,151.34,172.63,428.89999,114.25,159.8
2024-07-25,149.25999,167.28,418.39999,112.28,160.28
2024-07-26,151.63,167.0,425.26999,113.06,161.94
2024-07-29,150.22,169.53,426.73001,111.59,160.00999
2024-07-30,143.52,170.28999,422.92001,103.73,154.53999
2024-07-31,160.67999,171.53999,418.35001,117.02,165.8
2024-08-01,147.02,170.75999,417.10999,109.21,158.17999
2024-08-02,143.82001,166.66,408.48999,107.27,149.86
2024-08-05,142.08,159.25,395.14999,100.45,147.95
2024-08-06,143.92,158.28999,399.60999,104.25,155.39
2024-08-07,136.27,158.94,398.42999,98.91,155.03999
2024-08-08,145.74001,162.03,402.69,104.97,164.55
2024-08-09,148.25999,163.67,406.01999,104.75,167.12
2024-08-12,148.62,162.28999,406.81,109.02,167.63
2024-08-13,156.16,164.16,414.01001,116.14,172.34
2024-08-14,157.69,160.37,416.85999,118.08,169.97
2024-08-15,166.13,161.3,421.03,122.86,173.96001
2024-08-16,165.72,162.96001,418.47,124.58,174.53999
2024-08-19,167.71001,166.67,421.53,130.0,175.45
2024-08-20,165.95,167.17999,424.79999,127.25,172.03999
2024-08-21,165.78,165.85001,424.14001,128.5,171.44
2024-08-22,162.34,163.8,415.54999,123.74,166.44
2024-08-23,166.36,165.62,416.79001,129.37,171.28
2024-08-26,159.62,166.16,413.48999,126.46,169.07001
2024-08-27,161.39,164.67999,413.84,128.3,170.55
2024-08-28,158.17999,162.85001,410.60001,125.61,169.2
2024-08-29,156.92999,161.78,413.12,117.59,169.14999
2024-08-30,162.82001,163.38,417.14001,119.37,171.7
2024-09-03,152.78999,157.36,409.44,108.0,160.49001
2024-09-04,154.12,156.45,408.89999,106.21,160.87
2024-09-05,152.82001,157.24001,408.39001,107.21,163.7
2024-09-06,136.995,150.92,401.70001,102.83,156.82001
2024-09-09,140.82001,148.71001,405.72,106.47,162.78
2024-09-10,148.21001,148.66,414.20001,108.1,162.42999
2024-09-11,158.27,151.16,423.04001,116.91,170.23
2024-09-12,164.56,154.69,427.0,119.14,171.42999
2024-09-13,167.69,157.46001,430.59,119.1,172.5
2024-09-16,164.02,158.06,431.34,116.78,169.08
2024-09-17,162.47,159.32001,435.14999,115.59,167.35001
2024-09-18,161.67,159.81,430.81,113.37,167.28
2024-09-19,167.42,162.14,438.69,117.87,176.22
2024-09-20,171.10001,163.59,435.26999,116.0,174.08
2024-09-23,172.94,161.85001,433.51001,116.26,174.75999
2024-09-24,174.84,162.28999,429.17001,120.87,181.97
2024-09-25,175.52,161.49001,432.10999,123.51,182.35001
2024-09-26,178.09,162.73,431.31,124.04,186.83
2024-09-27,172.69,163.95,428.01999,121.4,177.97
2024-09-30,172.5,165.85001,430.29999,121.44,173.67
2024-10-01,167.47,166.99001,420.69,117.0,172.07001
2024-10-02,170.66,165.86,417.13,118.85,175.8
2024-10-03,171.89,165.86,416.54001,122.85,179.48
2024-10-04,176.64,167.06,416.06,124.92,181.16
2024-10-07,175.08,162.98,409.54001,127.72,184.50999
2024-10-08,180.73,164.38,414.70999,132.89,186.05
2024-10-09,185.95,161.86,417.45999,132.64999,187.14
2024-10-10,185.69,162.08,415.84,134.81,185.78
2024-10-11,181.48,163.24001,416.32001,134.8,190.81
2024-10-14,182.31,164.96001,419.14001,138.07001,192.21001
2024-10-15,175.98,165.46001,418.73999,131.60001,187.13
2024-10-16,176.82001,165.16,416.12,135.72,187.48
2024-10-17,181.53,162.92999,416.72,136.92999,205.84
2024-10-18,179.89,163.42,418.16,138.0,200.78
2024-10-21,179.99001,164.07001,418.78,143.71001,201.95
2024-10-22,179.38,165.14,427.51001,143.59,198.48
2024-10-23,173.50999,162.78,424.60001,139.56,200.86
2024-10-24,171.35001,162.72,424.73001,140.41,197.92999
2024-10-25,173.0,165.27,428.14999,141.53999,203.44
2024-10-28,172.02,166.72,426.59,140.52,194.67999
2024-10-29,179.24001,169.67999,431.95001,141.25,196.94
2024-10-30,176.64,174.46001,432.53,139.33501,194.48
2024-10-31,169.77,171.11,406.35001,132.75999,190.53999
2024-11-01,168.92,171.28999,410.37,135.39999,192.95
2024-11-04,168.55,169.24001,408.45999,136.05,191.56
2024-11-05,173.89999,169.74001,411.45999,139.91,195.75999
2024-11-06,179.55,176.50999,420.17999,145.61,193.22
2024-11-07,183.81,180.75,425.42999,148.88,201.19
2024-11-08,183.64,178.35001,422.54001,147.63,201.2
2024-11-11,178.91,180.35001,418.01001,145.25999,194.05
2024-11-12,176.22,181.62,423.03,148.28999,191.77
2024-11-13,173.58,178.88,425.20001,146.27,186.66
2024-11-14,170.38,175.58,426.89001,146.75999,188.5
2024-11-15,164.84,172.49001,415.0,141.98,186.00999
2024-11-18,165.67,175.3,415.76001,140.14999,187.48
2024-11-19,165.35001,178.12,417.79001,147.00999,189.67
2024-11-20,163.25,175.98,415.48999,145.89,188.36
2024-11-21,163.94,167.63,412.87,146.67,191.24001
2024-11-22,164.23,164.75999,417.0,141.95,190.08
2024-11-25,164.82001,167.64999,418.79001,136.02,185.08
2024-11-26,164.74001,169.12,427.98999,136.92,183.84
2024-11-27,159.67,169.23,422.98999,135.34,181.19
2024-11-29,162.08,168.95,423.45999,138.25,184.66
2024-12-02,166.50999,171.49001,430.98001,138.63,194.39999
2024-12-03,168.14999,171.34,431.20001,140.25999,198.89
2024-12-04,170.56,174.37,437.42001,145.14,200.69
2024-12-05,170.47,172.64,442.62,145.06,204.3
2024-12-06,179.53,174.71001,443.57001,142.44,203.02
2024-12-09,178.94,175.37,446.01999,138.81,199.17
2024-12-10,171.81,185.17,443.32999,135.07001,191.94
2024-12-11,183.2,195.39999,448.98999,139.31,194.60001
2024-12-12,180.66,191.96001,449.56,137.34,191.46001
2024-12-13,224.8,189.82001,447.26999,134.25,200.99001
2024-12-16,250.0,196.66,451.59,132.0,202.22
2024-12-17,240.23,195.42,454.45999,130.39,200.66
2024-12-18,223.62,188.39999,437.39001,128.91,195.56
2024-12-19,218.32001,188.50999,437.03,130.67999,194.64
2024-12-20,220.78999,191.41,436.60001,134.7,197.21001
2024-12-23,232.35001,194.63,435.25,139.67,207.36
2024-12-24,239.67999,196.11,439.32999,140.22,206.33
2024-12-26,245.36,195.60001,438.10999,139.92999,203.06
2024-12-27,241.75,192.75999,430.53,137.00999,201.63
2024-12-30,235.58,191.24001,424.82999,137.49001,200.39
2024-12-31,231.84,189.3,421.5,134.28999,197.49001
